Field,Category,Operational definition,Interpretation
Evidence confidence,High,Country-specific transmission and vaccine-access evidence was directly linked at row level.,The record is directly auditable within the source inventory.
Evidence confidence,Moderate,"The classification was supported by authoritative global or regional surveillance or policy sources, but country-specific row-level linkage was incomplete.","The record was suitable for descriptive synthesis, with limitations stated in the evidence notes."
Evidence confidence,Low,The record contained unresolved ecological uncertainty or event-specific autochthonous transmission without direct row-level linkage.,The classification was retained with explicit uncertainty.
Source-linkage status,Direct row-level linkage complete,Both transmission and vaccine-access source-ID fields were populated.,Full traceability within the workbook.
Source-linkage status,Framework-linked,The record was linked to a named global or regional evidence backbone rather than a country-specific source ID.,Evidence strength and traceability were reported separately.
Backbone sources,DENV,"CDC dengue risk data, supplemented by ECDC, PAHO, and WHO surveillance and vaccine-policy sources.",Global and regional transmission and policy framework.
Backbone sources,CHIKV,"CDC, ECDC, PAHO, and WHO chikungunya surveillance; jurisdiction-specific regulatory sources where available.",Global and regional transmission and policy framework.
Backbone sources,YFV,"WHO yellow-fever risk-country classification, supplemented by PAHO surveillance.",Global risk-country framework.
Backbone sources,JEV,CDC and WHO Japanese encephalitis risk and travel-health guidance.,Global risk and travel-health framework.
