Country,Aedes_presence (Ae. aegypti / albopictus),DENV_circulation,DENV_vaccine_access,CHIKV_circulation,CHIKV_vaccine_access,YFV_circulation,YFV_vaccine_access,Culex_presence (Culex tritaeniorhynchus complex),JEV_circulation,JEV_vaccine_access
Afghanistan,Present,Endemic / established transmission,Not licensed / not available,Imported / travel-related cases only,Not licensed / not available,Imported / travel-related cases only,Traveler access only (limited availability),Limited / uncertain,Imported / travel-related cases only,Traveler access only (limited availability)
Albania,Limited / sporadic,Imported / travel-related cases only,Not licensed / not available,Imported / travel-related cases only,Not licensed / not available,Imported / travel-related cases only,Traveler access only (limited availability),Absent,Imported / travel-related cases only,Traveler access only (limited availability)
Algeria,Limited / sporadic,Imported / travel-related cases only,Not licensed / not available,Imported / travel-related cases only,Not licensed / not available,Imported / travel-related cases only,Traveler access only (limited availability),Absent,Imported / travel-related cases only,Traveler access only (limited availability)
Andorra,Absent,Imported / travel-related cases only,Not licensed / not available,Imported / travel-related cases only,Not licensed / not available,Imported / travel-related cases only,Traveler access only (limited availability),Absent,Imported / travel-related cases only,Traveler access only (limited availability)
Angola,Present,Sporadic outbreaks / introduced,Not licensed / not available,Sporadic outbreaks / introduced,Not licensed / not available,Endemic / established transmission,Routine (public program),Absent,Imported / travel-related cases only,Traveler access only (limited availability)
Antigua and Barbuda,Present,Endemic / established transmission,Not licensed / not available,Sporadic outbreaks / introduced,Not licensed / not available,Imported / travel-related cases only,Traveler access only (limited availability),Absent,Imported / travel-related cases only,Traveler access only (limited availability)
Argentina,Present,Endemic / established transmission,Licensed & available (private/market),Sporadic outbreaks / introduced,Not licensed / not available,Endemic / established transmission,Routine (public program),Absent,Imported / travel-related cases only,Traveler access only (limited availability)
Armenia,Limited / sporadic,Imported / travel-related cases only,Not licensed / not available,Imported / travel-related cases only,Not licensed / not available,Imported / travel-related cases only,Traveler access only (limited availability),Limited / uncertain,Imported / travel-related cases only,Traveler access only (limited availability)
Australia,Present,Autochthonous transmission documented (non-endemic),Licensed & available (private/market),Imported / travel-related cases only,Not licensed / not available,Imported / travel-related cases only,Traveler access only (limited availability),Present,Endemic / established transmission,Licensed & available (private/market)
Austria,Present,Imported / travel-related cases only,Licensed & available (private/market),Imported / travel-related cases only,Licensed & available (private/market),Imported / travel-related cases only,Traveler access only (limited availability),Absent,Imported / travel-related cases only,Traveler access only (limited availability)
Azerbaijan,Limited / sporadic,Imported / travel-related cases only,Not licensed / not available,Imported / travel-related cases only,Not licensed / not available,Imported / travel-related cases only,Traveler access only (limited availability),Limited / uncertain,Imported / travel-related cases only,Traveler access only (limited availability)
Bahamas,Present,Endemic / established transmission,Not licensed / not available,Sporadic outbreaks / introduced,Not licensed / not available,Imported / travel-related cases only,Traveler access only (limited availability),Absent,Imported / travel-related cases only,Traveler access only (limited availability)
Bahrain,Limited / sporadic,Imported / travel-related cases only,Not licensed / not available,Imported / travel-related cases only,Not licensed / not available,Imported / travel-related cases only,Traveler access only (limited availability),Absent,Imported / travel-related cases only,Traveler access only (limited availability)
Bangladesh,Present,Endemic / established transmission,Not licensed / not available,Sporadic outbreaks / introduced,Not licensed / not available,Imported / travel-related cases only,Traveler access only (limited availability),Present,Endemic / established transmission,Licensed & available (private/market)
Barbados,Present,Endemic / established transmission,Not licensed / not available,Sporadic outbreaks / introduced,Not licensed / not available,Imported / travel-related cases only,Traveler access only (limited availability),Absent,Imported / travel-related cases only,Traveler access only (limited availability)
Belarus,Absent,Imported / travel-related cases only,Not licensed / not available,Imported / travel-related cases only,Not licensed / not available,Imported / travel-related cases only,Traveler access only (limited availability),Absent,Imported / travel-related cases only,Traveler access only (limited availability)
Belgium,Present,Imported / travel-related cases only,Licensed & available (private/market),Imported / travel-related cases only,Licensed & available (private/market),Imported / travel-related cases only,Traveler access only (limited availability),Absent,Imported / travel-related cases only,Traveler access only (limited availability)
Belize,Present,Endemic / established transmission,Not licensed / not available,Sporadic outbreaks / introduced,Not licensed / not available,Imported / travel-related cases only,Traveler access only (limited availability),Absent,Imported / travel-related cases only,Traveler access only (limited availability)
Benin,Present,Sporadic outbreaks / introduced,Not licensed / not available,Sporadic outbreaks / introduced,Not licensed / not available,Endemic / established transmission,Routine (public program),Absent,Imported / travel-related cases only,Traveler access only (limited availability)
Bhutan,Present,Endemic / established transmission,Not licensed / not available,Sporadic outbreaks / introduced,Not licensed / not available,Imported / travel-related cases only,Traveler access only (limited availability),Present,Endemic / established transmission,Licensed & available (private/market)
"Bolivia, Plurinational State of",Present,Endemic / established transmission,Not licensed / not available,Sporadic outbreaks / introduced,Not licensed / not available,Endemic / established transmission,Routine (public program),Absent,Imported / travel-related cases only,Traveler access only (limited availability)
Bosnia and Herzegovina,Limited / sporadic,Imported / travel-related cases only,Not licensed / not available,Imported / travel-related cases only,Not licensed / not available,Imported / travel-related cases only,Traveler access only (limited availability),Absent,Imported / travel-related cases only,Traveler access only (limited availability)
Botswana,Limited / sporadic,Imported / travel-related cases only,Not licensed / not available,Imported / travel-related cases only,Not licensed / not available,Imported / travel-related cases only,Traveler access only (limited availability),Absent,Imported / travel-related cases only,Traveler access only (limited availability)
Brazil,Present,Endemic / established transmission,Routine (public program),Endemic / established transmission,Licensed & available (private/market),Endemic / established transmission,Routine (public program),Absent,Imported / travel-related cases only,Traveler access only (limited availability)
Brunei Darussalam,Present,Endemic / established transmission,Not licensed / not available,Imported / travel-related cases only,Not licensed / not available,Imported / travel-related cases only,Traveler access only (limited availability),Present,Endemic / established transmission,Licensed & available (private/market)
Bulgaria,Limited / sporadic,Imported / travel-related cases only,Licensed & available (private/market),Imported / travel-related cases only,Licensed & available (private/market),Imported / travel-related cases only,Traveler access only (limited availability),Absent,Imported / travel-related cases only,Traveler access only (limited availability)
Burkina Faso,Present,Endemic / established transmission,Not licensed / not available,Imported / travel-related cases only,Not licensed / not available,Endemic / established transmission,Routine (public program),Absent,Imported / travel-related cases only,Traveler access only (limited availability)
Burundi,Present,Imported / travel-related cases only,Not licensed / not available,Sporadic outbreaks / introduced,Not licensed / not available,Endemic / established transmission,Routine (public program),Absent,Imported / travel-related cases only,Traveler access only (limited availability)
Cabo Verde,Present,Sporadic outbreaks / introduced,Not licensed / not available,Imported / travel-related cases only,Not licensed / not available,Imported / travel-related cases only,Traveler access only (limited availability),Absent,Imported / travel-related cases only,Traveler access only (limited availability)
Cambodia,Present,Endemic / established transmission,Not licensed / not available,Sporadic outbreaks / introduced,Not licensed / not available,Imported / travel-related cases only,Traveler access only (limited availability),Present,Endemic / established transmission,Licensed & available (private/market)
Cameroon,Present,Endemic / established transmission,Not licensed / not available,Sporadic outbreaks / introduced,Not licensed / not available,Endemic / established transmission,Routine (public program),Absent,Imported / travel-related cases only,Traveler access only (limited availability)
Canada,Limited / sporadic,Imported / travel-related cases only,Not licensed / not available,Imported / travel-related cases only,Licensed & available (private/market),Imported / travel-related cases only,Traveler access only (limited availability),Absent,Imported / travel-related cases only,Traveler access only (limited availability)
Central African Republic,Present,Sporadic outbreaks / introduced,Not licensed / not available,Sporadic outbreaks / introduced,Not licensed / not available,Endemic / established transmission,Routine (public program),Absent,Imported / travel-related cases only,Traveler access only (limited availability)
Chad,Present,Sporadic outbreaks / introduced,Not licensed / not available,Sporadic outbreaks / introduced,Not licensed / not available,Endemic / established transmission,Routine (public program),Absent,Imported / travel-related cases only,Traveler access only (limited availability)
Chile,Limited / sporadic,Imported / travel-related cases only,Not licensed / not available,Imported / travel-related cases only,Not licensed / not available,Imported / travel-related cases only,Traveler access only (limited availability),Absent,Imported / travel-related cases only,Traveler access only (limited availability)
China,Present,Endemic / established transmission,Not licensed / not available,Sporadic outbreaks / introduced,Not licensed / not available,Imported / travel-related cases only,Traveler access only (limited availability),Present,Endemic / established transmission,Licensed & available (private/market)
Colombia,Present,Endemic / established transmission,Licensed & available (private/market),Endemic / established transmission,Not licensed / not available,Endemic / established transmission,Routine (public program),Absent,Imported / travel-related cases only,Traveler access only (limited availability)
Comoros,Present,Sporadic outbreaks / introduced,Not licensed / not available,Sporadic outbreaks / introduced,Not licensed / not available,Imported / travel-related cases only,Traveler access only (limited availability),Absent,Imported / travel-related cases only,Traveler access only (limited availability)
Congo,Present,Imported / travel-related cases only,Not licensed / not available,Sporadic outbreaks / introduced,Not licensed / not available,Endemic / established transmission,Routine (public program),Absent,Imported / travel-related cases only,Traveler access only (limited availability)
"Congo, The Democratic Republic of the",Present,Sporadic outbreaks / introduced,Not licensed / not available,Imported / travel-related cases only,Not licensed / not available,Endemic / established transmission,Routine (public program),Absent,Imported / travel-related cases only,Traveler access only (limited availability)
Costa Rica,Present,Endemic / established transmission,Licensed & available (private/market),Sporadic outbreaks / introduced,Not licensed / not available,Imported / travel-related cases only,Traveler access only (limited availability),Absent,Imported / travel-related cases only,Traveler access only (limited availability)
Croatia,Present,Autochthonous transmission documented (non-endemic),Licensed & available (private/market),Imported / travel-related cases only,Licensed & available (private/market),Imported / travel-related cases only,Traveler access only (limited availability),Absent,Imported / travel-related cases only,Traveler access only (limited availability)
Cuba,Present,Endemic / established transmission,Not licensed / not available,Endemic / established transmission,Not licensed / not available,Imported / travel-related cases only,Traveler access only (limited availability),Absent,Imported / travel-related cases only,Traveler access only (limited availability)
Cyprus,Present,Imported / travel-related cases only,Licensed & available (private/market),Imported / travel-related cases only,Licensed & available (private/market),Imported / travel-related cases only,Traveler access only (limited availability),Absent,Imported / travel-related cases only,Traveler access only (limited availability)
Czechia,Limited / sporadic,Imported / travel-related cases only,Licensed & available (private/market),Imported / travel-related cases only,Licensed & available (private/market),Imported / travel-related cases only,Traveler access only (limited availability),Absent,Imported / travel-related cases only,Traveler access only (limited availability)
Côte d'Ivoire,Present,Endemic / established transmission,Not licensed / not available,Imported / travel-related cases only,Not licensed / not available,Endemic / established transmission,Routine (public program),Absent,Imported / travel-related cases only,Traveler access only (limited availability)
Denmark,Limited / sporadic,Imported / travel-related cases only,Licensed & available (private/market),Imported / travel-related cases only,Licensed & available (private/market),Imported / travel-related cases only,Traveler access only (limited availability),Absent,Imported / travel-related cases only,Traveler access only (limited availability)
Djibouti,Present,Sporadic outbreaks / introduced,Not licensed / not available,Sporadic outbreaks / introduced,Not licensed / not available,Imported / travel-related cases only,Traveler access only (limited availability),Absent,Imported / travel-related cases only,Traveler access only (limited availability)
Dominica,Present,Endemic / established transmission,Not licensed / not available,Sporadic outbreaks / introduced,Not licensed / not available,Imported / travel-related cases only,Traveler access only (limited availability),Absent,Imported / travel-related cases only,Traveler access only (limited availability)
Dominican Republic,Present,Endemic / established transmission,Not licensed / not available,Sporadic outbreaks / introduced,Not licensed / not available,Imported / travel-related cases only,Traveler access only (limited availability),Absent,Imported / travel-related cases only,Traveler access only (limited availability)
Ecuador,Present,Endemic / established transmission,Not licensed / not available,Sporadic outbreaks / introduced,Not licensed / not available,Endemic / established transmission,Routine (public program),Absent,Imported / travel-related cases only,Traveler access only (limited availability)
Egypt,Present,Endemic / established transmission,Not licensed / not available,Imported / travel-related cases only,Not licensed / not available,Imported / travel-related cases only,Traveler access only (limited availability),Absent,Imported / travel-related cases only,Traveler access only (limited availability)
El Salvador,Present,Endemic / established transmission,Licensed & available (private/market),Sporadic outbreaks / introduced,Not licensed / not available,Imported / travel-related cases only,Traveler access only (limited availability),Absent,Imported / travel-related cases only,Traveler access only (limited availability)
Equatorial Guinea,Present,Sporadic outbreaks / introduced,Not licensed / not available,Sporadic outbreaks / introduced,Not licensed / not available,Endemic / established transmission,Routine (public program),Absent,Imported / travel-related cases only,Traveler access only (limited availability)
Eritrea,Present,Endemic / established transmission,Not licensed / not available,Sporadic outbreaks / introduced,Not licensed / not available,Imported / travel-related cases only,Traveler access only (limited availability),Absent,Imported / travel-related cases only,Traveler access only (limited availability)
Estonia,Absent,Imported / travel-related cases only,Licensed & available (private/market),Imported / travel-related cases only,Licensed & available (private/market),Imported / travel-related cases only,Traveler access only (limited availability),Absent,Imported / travel-related cases only,Traveler access only (limited availability)
Eswatini,Limited / sporadic,Imported / travel-related cases only,Not licensed / not available,Imported / travel-related cases only,Not licensed / not available,Imported / travel-related cases only,Traveler access only (limited availability),Absent,Imported / travel-related cases only,Traveler access only (limited availability)
Ethiopia,Present,Endemic / established transmission,Not licensed / not available,Sporadic outbreaks / introduced,Not licensed / not available,Endemic / established transmission,Routine (public program),Absent,Imported / travel-related cases only,Traveler access only (limited availability)
Fiji,Present,Endemic / established transmission,Not licensed / not available,Sporadic outbreaks / introduced,Not licensed / not available,Imported / travel-related cases only,Traveler access only (limited availability),Limited / uncertain,Imported / travel-related cases only,Traveler access only (limited availability)
Finland,Absent,Imported / travel-related cases only,Licensed & available (private/market),Imported / travel-related cases only,Licensed & available (private/market),Imported / travel-related cases only,Traveler access only (limited availability),Absent,Imported / travel-related cases only,Traveler access only (limited availability)
France,Present,Autochthonous transmission documented (non-endemic),Licensed & available (private/market),Autochthonous transmission documented (non-endemic),Licensed & available (private/market),Imported / travel-related cases only,Traveler access only (limited availability),Absent,Imported / travel-related cases only,Traveler access only (limited availability)
Gabon,Present,Endemic / established transmission,Not licensed / not available,Sporadic outbreaks / introduced,Not licensed / not available,Endemic / established transmission,Routine (public program),Absent,Imported / travel-related cases only,Traveler access only (limited availability)
Gambia,Present,Imported / travel-related cases only,Not licensed / not available,Imported / travel-related cases only,Not licensed / not available,Endemic / established transmission,Routine (public program),Absent,Imported / travel-related cases only,Traveler access only (limited availability)
Georgia,Limited / sporadic,Imported / travel-related cases only,Not licensed / not available,Imported / travel-related cases only,Not licensed / not available,Imported / travel-related cases only,Traveler access only (limited availability),Limited / uncertain,Imported / travel-related cases only,Traveler access only (limited availability)
Germany,Present,Imported / travel-related cases only,Licensed & available (private/market),Imported / travel-related cases only,Licensed & available (private/market),Imported / travel-related cases only,Traveler access only (limited availability),Absent,Imported / travel-related cases only,Traveler access only (limited availability)
Ghana,Present,Sporadic outbreaks / introduced,Not licensed / not available,Imported / travel-related cases only,Not licensed / not available,Endemic / established transmission,Routine (public program),Absent,Imported / travel-related cases only,Traveler access only (limited availability)
Greece,Present,Imported / travel-related cases only,Licensed & available (private/market),Imported / travel-related cases only,Licensed & available (private/market),Imported / travel-related cases only,Traveler access only (limited availability),Absent,Imported / travel-related cases only,Traveler access only (limited availability)
Grenada,Present,Endemic / established transmission,Not licensed / not available,Sporadic outbreaks / introduced,Not licensed / not available,Imported / travel-related cases only,Traveler access only (limited availability),Absent,Imported / travel-related cases only,Traveler access only (limited availability)
Guatemala,Present,Endemic / established transmission,Licensed & available (private/market),Sporadic outbreaks / introduced,Not licensed / not available,Imported / travel-related cases only,Traveler access only (limited availability),Absent,Imported / travel-related cases only,Traveler access only (limited availability)
Guinea,Present,Sporadic outbreaks / introduced,Not licensed / not available,Sporadic outbreaks / introduced,Not licensed / not available,Endemic / established transmission,Routine (public program),Absent,Imported / travel-related cases only,Traveler access only (limited availability)
Guinea-Bissau,Present,Imported / travel-related cases only,Not licensed / not available,Imported / travel-related cases only,Not licensed / not available,Endemic / established transmission,Routine (public program),Absent,Imported / travel-related cases only,Traveler access only (limited availability)
Guyana,Present,Endemic / established transmission,Not licensed / not available,Sporadic outbreaks / introduced,Not licensed / not available,Endemic / established transmission,Routine (public program),Absent,Imported / travel-related cases only,Traveler access only (limited availability)
Haiti,Present,Endemic / established transmission,Not licensed / not available,Sporadic outbreaks / introduced,Not licensed / not available,Imported / travel-related cases only,Traveler access only (limited availability),Absent,Imported / travel-related cases only,Traveler access only (limited availability)
Holy See (Vatican City State),Limited / sporadic,Imported / travel-related cases only,Not licensed / not available,Imported / travel-related cases only,Not licensed / not available,Imported / travel-related cases only,Traveler access only (limited availability),Absent,Imported / travel-related cases only,Traveler access only (limited availability)
Honduras,Present,Endemic / established transmission,Not licensed / not available,Sporadic outbreaks / introduced,Not licensed / not available,Imported / travel-related cases only,Traveler access only (limited availability),Absent,Imported / travel-related cases only,Traveler access only (limited availability)
Hungary,Present,Imported / travel-related cases only,Licensed & available (private/market),Imported / travel-related cases only,Licensed & available (private/market),Imported / travel-related cases only,Traveler access only (limited availability),Absent,Imported / travel-related cases only,Traveler access only (limited availability)
Iceland,Absent,Imported / travel-related cases only,Licensed & available (private/market),Imported / travel-related cases only,Licensed & available (private/market),Imported / travel-related cases only,Traveler access only (limited availability),Absent,Imported / travel-related cases only,Traveler access only (limited availability)
India,Present,Endemic / established transmission,Licensed & available (private/market),Endemic / established transmission,Not licensed / not available,Imported / travel-related cases only,Traveler access only (limited availability),Present,Endemic / established transmission,Licensed & available (private/market)
Indonesia,Present,Endemic / established transmission,Licensed & available (private/market),Endemic / established transmission,Not licensed / not available,Imported / travel-related cases only,Traveler access only (limited availability),Present,Endemic / established transmission,Licensed & available (private/market)
"Iran, Islamic Republic of",Limited / sporadic,Imported / travel-related cases only,Not licensed / not available,Imported / travel-related cases only,Not licensed / not available,Imported / travel-related cases only,Traveler access only (limited availability),Limited / uncertain,Imported / travel-related cases only,Traveler access only (limited availability)
Iraq,Limited / sporadic,Imported / travel-related cases only,Not licensed / not available,Imported / travel-related cases only,Not licensed / not available,Imported / travel-related cases only,Traveler access only (limited availability),Absent,Imported / travel-related cases only,Traveler access only (limited availability)
Ireland,Absent,Imported / travel-related cases only,Licensed & available (private/market),Imported / travel-related cases only,Licensed & available (private/market),Imported / travel-related cases only,Traveler access only (limited availability),Absent,Imported / travel-related cases only,Traveler access only (limited availability)
Israel,Limited / sporadic,Imported / travel-related cases only,Not licensed / not available,Imported / travel-related cases only,Not licensed / not available,Imported / travel-related cases only,Traveler access only (limited availability),Absent,Imported / travel-related cases only,Traveler access only (limited availability)
Italy,Present,Autochthonous transmission documented (non-endemic),Licensed & available (private/market),Autochthonous transmission documented (non-endemic),Licensed & available (private/market),Imported / travel-related cases only,Traveler access only (limited availability),Absent,Imported / travel-related cases only,Traveler access only (limited availability)
Jamaica,Present,Endemic / established transmission,Not licensed / not available,Sporadic outbreaks / introduced,Not licensed / not available,Imported / travel-related cases only,Traveler access only (limited availability),Absent,Imported / travel-related cases only,Traveler access only (limited availability)
Japan,Present,Autochthonous transmission documented (non-endemic),Not licensed / not available,Imported / travel-related cases only,Not licensed / not available,Imported / travel-related cases only,Traveler access only (limited availability),Present,Endemic / established transmission,Licensed & available (private/market)
Jordan,Limited / sporadic,Imported / travel-related cases only,Not licensed / not available,Imported / travel-related cases only,Not licensed / not available,Imported / travel-related cases only,Traveler access only (limited availability),Absent,Imported / travel-related cases only,Traveler access only (limited availability)
Kazakhstan,Limited / sporadic,Imported / travel-related cases only,Not licensed / not available,Imported / travel-related cases only,Not licensed / not available,Imported / travel-related cases only,Traveler access only (limited availability),Limited / uncertain,Imported / travel-related cases only,Traveler access only (limited availability)
Kenya,Present,Endemic / established transmission,Not licensed / not available,Sporadic outbreaks / introduced,Not licensed / not available,Endemic / established transmission,Routine (public program),Absent,Imported / travel-related cases only,Traveler access only (limited availability)
Kiribati,Present,Sporadic outbreaks / introduced,Not licensed / not available,Sporadic outbreaks / introduced,Not licensed / not available,Imported / travel-related cases only,Traveler access only (limited availability),Limited / uncertain,Imported / travel-related cases only,Traveler access only (limited availability)
"Korea, Democratic People's Republic of",Limited / sporadic,Imported / travel-related cases only,Not licensed / not available,Imported / travel-related cases only,Not licensed / not available,Imported / travel-related cases only,Traveler access only (limited availability),Present,Endemic / established transmission,Licensed & available (private/market)
"Korea, Republic of",Present,Imported / travel-related cases only,Not licensed / not available,Imported / travel-related cases only,Not licensed / not available,Imported / travel-related cases only,Traveler access only (limited availability),Present,Endemic / established transmission,Licensed & available (private/market)
Kuwait,Limited / sporadic,Imported / travel-related cases only,Not licensed / not available,Imported / travel-related cases only,Not licensed / not available,Imported / travel-related cases only,Traveler access only (limited availability),Absent,Imported / travel-related cases only,Traveler access only (limited availability)
Kyrgyzstan,Limited / sporadic,Imported / travel-related cases only,Not licensed / not available,Imported / travel-related cases only,Not licensed / not available,Imported / travel-related cases only,Traveler access only (limited availability),Limited / uncertain,Imported / travel-related cases only,Traveler access only (limited availability)
Lao People's Democratic Republic,Present,Endemic / established transmission,Not licensed / not available,Imported / travel-related cases only,Not licensed / not available,Imported / travel-related cases only,Traveler access only (limited availability),Present,Endemic / established transmission,Licensed & available (private/market)
Latvia,Absent,Imported / travel-related cases only,Licensed & available (private/market),Imported / travel-related cases only,Licensed & available (private/market),Imported / travel-related cases only,Traveler access only (limited availability),Absent,Imported / travel-related cases only,Traveler access only (limited availability)
Lebanon,Present,Imported / travel-related cases only,Not licensed / not available,Imported / travel-related cases only,Not licensed / not available,Imported / travel-related cases only,Traveler access only (limited availability),Absent,Imported / travel-related cases only,Traveler access only (limited availability)
Lesotho,Limited / sporadic,Imported / travel-related cases only,Not licensed / not available,Imported / travel-related cases only,Not licensed / not available,Imported / travel-related cases only,Traveler access only (limited availability),Absent,Imported / travel-related cases only,Traveler access only (limited availability)
Liberia,Present,Sporadic outbreaks / introduced,Not licensed / not available,Imported / travel-related cases only,Not licensed / not available,Endemic / established transmission,Routine (public program),Absent,Imported / travel-related cases only,Traveler access only (limited availability)
Libya,Limited / sporadic,Imported / travel-related cases only,Not licensed / not available,Imported / travel-related cases only,Not licensed / not available,Imported / travel-related cases only,Traveler access only (limited availability),Absent,Imported / travel-related cases only,Traveler access only (limited availability)
Liechtenstein,Limited / sporadic,Imported / travel-related cases only,Licensed & available (private/market),Imported / travel-related cases only,Licensed & available (private/market),Imported / travel-related cases only,Traveler access only (limited availability),Absent,Imported / travel-related cases only,Traveler access only (limited availability)
Lithuania,Absent,Imported / travel-related cases only,Licensed & available (private/market),Imported / travel-related cases only,Licensed & available (private/market),Imported / travel-related cases only,Traveler access only (limited availability),Absent,Imported / travel-related cases only,Traveler access only (limited availability)
Luxembourg,Limited / sporadic,Imported / travel-related cases only,Licensed & available (private/market),Imported / travel-related cases only,Licensed & available (private/market),Imported / travel-related cases only,Traveler access only (limited availability),Absent,Imported / travel-related cases only,Traveler access only (limited availability)
Madagascar,Present,Sporadic outbreaks / introduced,Not licensed / not available,Sporadic outbreaks / introduced,Not licensed / not available,Imported / travel-related cases only,Traveler access only (limited availability),Absent,Imported / travel-related cases only,Traveler access only (limited availability)
Malawi,Present,Imported / travel-related cases only,Not licensed / not available,Sporadic outbreaks / introduced,Not licensed / not available,Imported / travel-related cases only,Traveler access only (limited availability),Absent,Imported / travel-related cases only,Traveler access only (limited availability)
Malaysia,Present,Endemic / established transmission,Licensed & available (private/market),Sporadic outbreaks / introduced,Not licensed / not available,Imported / travel-related cases only,Traveler access only (limited availability),Present,Endemic / established transmission,Licensed & available (private/market)
Maldives,Present,Endemic / established transmission,Not licensed / not available,Sporadic outbreaks / introduced,Not licensed / not available,Imported / travel-related cases only,Traveler access only (limited availability),Absent,Imported / travel-related cases only,Traveler access only (limited availability)
Mali,Present,Sporadic outbreaks / introduced,Not licensed / not available,Sporadic outbreaks / introduced,Not licensed / not available,Endemic / established transmission,Routine (public program),Absent,Imported / travel-related cases only,Traveler access only (limited availability)
Malta,Present,Imported / travel-related cases only,Licensed & available (private/market),Imported / travel-related cases only,Licensed & available (private/market),Imported / travel-related cases only,Traveler access only (limited availability),Absent,Imported / travel-related cases only,Traveler access only (limited availability)
Marshall Islands,Present,Sporadic outbreaks / introduced,Licensed & available (private/market),Sporadic outbreaks / introduced,Not licensed / not available,Imported / travel-related cases only,Traveler access only (limited availability),Limited / uncertain,Imported / travel-related cases only,Traveler access only (limited availability)
Mauritania,Present,Sporadic outbreaks / introduced,Not licensed / not available,Imported / travel-related cases only,Not licensed / not available,Endemic / established transmission,Routine (public program),Absent,Imported / travel-related cases only,Traveler access only (limited availability)
Mauritius,Present,Endemic / established transmission,Not licensed / not available,Sporadic outbreaks / introduced,Not licensed / not available,Imported / travel-related cases only,Traveler access only (limited availability),Absent,Imported / travel-related cases only,Traveler access only (limited availability)
Mexico,Present,Endemic / established transmission,Licensed & available (private/market),Endemic / established transmission,Not licensed / not available,Imported / travel-related cases only,Traveler access only (limited availability),Absent,Imported / travel-related cases only,Traveler access only (limited availability)
"Micronesia, Federated States of",Present,Endemic / established transmission,Licensed & available (private/market),Imported / travel-related cases only,Not licensed / not available,Imported / travel-related cases only,Traveler access only (limited availability),Limited / uncertain,Imported / travel-related cases only,Traveler access only (limited availability)
"Moldova, Republic of",Limited / sporadic,Imported / travel-related cases only,Not licensed / not available,Imported / travel-related cases only,Not licensed / not available,Imported / travel-related cases only,Traveler access only (limited availability),Absent,Imported / travel-related cases only,Traveler access only (limited availability)
Monaco,Limited / sporadic,Imported / travel-related cases only,Not licensed / not available,Imported / travel-related cases only,Not licensed / not available,Imported / travel-related cases only,Traveler access only (limited availability),Absent,Imported / travel-related cases only,Traveler access only (limited availability)
Mongolia,Absent,Imported / travel-related cases only,Not licensed / not available,Imported / travel-related cases only,Not licensed / not available,Imported / travel-related cases only,Traveler access only (limited availability),Limited / uncertain,Imported / travel-related cases only,Traveler access only (limited availability)
Montenegro,Limited / sporadic,Imported / travel-related cases only,Not licensed / not available,Imported / travel-related cases only,Not licensed / not available,Imported / travel-related cases only,Traveler access only (limited availability),Absent,Imported / travel-related cases only,Traveler access only (limited availability)
Morocco,Limited / sporadic,Imported / travel-related cases only,Not licensed / not available,Imported / travel-related cases only,Not licensed / not available,Imported / travel-related cases only,Traveler access only (limited availability),Absent,Imported / travel-related cases only,Traveler access only (limited availability)
Mozambique,Present,Sporadic outbreaks / introduced,Not licensed / not available,Sporadic outbreaks / introduced,Not licensed / not available,Imported / travel-related cases only,Traveler access only (limited availability),Absent,Imported / travel-related cases only,Traveler access only (limited availability)
Myanmar,Present,Imported / travel-related cases only,Not licensed / not available,Sporadic outbreaks / introduced,Not licensed / not available,Imported / travel-related cases only,Traveler access only (limited availability),Present,Endemic / established transmission,Licensed & available (private/market)
Namibia,Limited / sporadic,Imported / travel-related cases only,Not licensed / not available,Imported / travel-related cases only,Not licensed / not available,Imported / travel-related cases only,Traveler access only (limited availability),Absent,Imported / travel-related cases only,Traveler access only (limited availability)
Nauru,Present,Endemic / established transmission,Not licensed / not available,Imported / travel-related cases only,Not licensed / not available,Imported / travel-related cases only,Traveler access only (limited availability),Limited / uncertain,Imported / travel-related cases only,Traveler access only (limited availability)
Nepal,Present,Endemic / established transmission,Not licensed / not available,Sporadic outbreaks / introduced,Not licensed / not available,Imported / travel-related cases only,Traveler access only (limited availability),Present,Endemic / established transmission,Licensed & available (private/market)
Netherlands,Limited / sporadic,Imported / travel-related cases only,Licensed & available (private/market),Imported / travel-related cases only,Licensed & available (private/market),Imported / travel-related cases only,Traveler access only (limited availability),Absent,Imported / travel-related cases only,Traveler access only (limited availability)
New Zealand,Absent,Imported / travel-related cases only,Not licensed / not available,Imported / travel-related cases only,Not licensed / not available,Imported / travel-related cases only,Traveler access only (limited availability),Absent,Imported / travel-related cases only,Traveler access only (limited availability)
Nicaragua,Present,Endemic / established transmission,Not licensed / not available,Sporadic outbreaks / introduced,Not licensed / not available,Imported / travel-related cases only,Traveler access only (limited availability),Absent,Imported / travel-related cases only,Traveler access only (limited availability)
Niger,Present,Imported / travel-related cases only,Not licensed / not available,Sporadic outbreaks / introduced,Not licensed / not available,Endemic / established transmission,Routine (public program),Absent,Imported / travel-related cases only,Traveler access only (limited availability)
Nigeria,Present,Sporadic outbreaks / introduced,Not licensed / not available,Endemic / established transmission,Not licensed / not available,Endemic / established transmission,Routine (public program),Absent,Imported / travel-related cases only,Traveler access only (limited availability)
North Macedonia,Limited / sporadic,Imported / travel-related cases only,Not licensed / not available,Imported / travel-related cases only,Not licensed / not available,Imported / travel-related cases only,Traveler access only (limited availability),Absent,Imported / travel-related cases only,Traveler access only (limited availability)
Norway,Absent,Imported / travel-related cases only,Licensed & available (private/market),Imported / travel-related cases only,Licensed & available (private/market),Imported / travel-related cases only,Traveler access only (limited availability),Absent,Imported / travel-related cases only,Traveler access only (limited availability)
Oman,Present,Sporadic outbreaks / introduced,Not licensed / not available,Imported / travel-related cases only,Not licensed / not available,Imported / travel-related cases only,Traveler access only (limited availability),Absent,Imported / travel-related cases only,Traveler access only (limited availability)
Pakistan,Present,Endemic / established transmission,Not licensed / not available,Endemic / established transmission,Not licensed / not available,Imported / travel-related cases only,Traveler access only (limited availability),Present,Endemic / established transmission,Licensed & available (private/market)
Palau,Present,Endemic / established transmission,Licensed & available (private/market),Imported / travel-related cases only,Not licensed / not available,Imported / travel-related cases only,Traveler access only (limited availability),Limited / uncertain,Imported / travel-related cases only,Traveler access only (limited availability)
"Palestine, State of",Limited / sporadic,Imported / travel-related cases only,Not licensed / not available,Imported / travel-related cases only,Not licensed / not available,Imported / travel-related cases only,Traveler access only (limited availability),Absent,Imported / travel-related cases only,Traveler access only (limited availability)
Panama,Present,Endemic / established transmission,Not licensed / not available,Sporadic outbreaks / introduced,Not licensed / not available,Endemic / established transmission,Routine (public program),Absent,Imported / travel-related cases only,Traveler access only (limited availability)
Papua New Guinea,Present,Endemic / established transmission,Not licensed / not available,Sporadic outbreaks / introduced,Not licensed / not available,Imported / travel-related cases only,Traveler access only (limited availability),Present,Endemic / established transmission,Licensed & available (private/market)
Paraguay,Present,Endemic / established transmission,Licensed & available (private/market),Sporadic outbreaks / introduced,Not licensed / not available,Endemic / established transmission,Routine (public program),Absent,Imported / travel-related cases only,Traveler access only (limited availability)
Peru,Present,Endemic / established transmission,Licensed & available (private/market),Endemic / established transmission,Not licensed / not available,Endemic / established transmission,Routine (public program),Absent,Imported / travel-related cases only,Traveler access only (limited availability)
Philippines,Present,Endemic / established transmission,Not licensed / not available,Endemic / established transmission,Not licensed / not available,Imported / travel-related cases only,Traveler access only (limited availability),Present,Endemic / established transmission,Licensed & available (private/market)
Poland,Limited / sporadic,Imported / travel-related cases only,Licensed & available (private/market),Imported / travel-related cases only,Licensed & available (private/market),Imported / travel-related cases only,Traveler access only (limited availability),Absent,Imported / travel-related cases only,Traveler access only (limited availability)
Portugal,Present,Autochthonous transmission documented (non-endemic),Licensed & available (private/market),Imported / travel-related cases only,Licensed & available (private/market),Imported / travel-related cases only,Traveler access only (limited availability),Absent,Imported / travel-related cases only,Traveler access only (limited availability)
Qatar,Limited / sporadic,Imported / travel-related cases only,Not licensed / not available,Imported / travel-related cases only,Not licensed / not available,Imported / travel-related cases only,Traveler access only (limited availability),Absent,Imported / travel-related cases only,Traveler access only (limited availability)
Romania,Limited / sporadic,Imported / travel-related cases only,Licensed & available (private/market),Imported / travel-related cases only,Licensed & available (private/market),Imported / travel-related cases only,Traveler access only (limited availability),Absent,Imported / travel-related cases only,Traveler access only (limited availability)
Russian Federation,Limited / sporadic,Imported / travel-related cases only,Not licensed / not available,Imported / travel-related cases only,Not licensed / not available,Imported / travel-related cases only,Traveler access only (limited availability),Present,Endemic / established transmission,Licensed & available (private/market)
Rwanda,Present,Sporadic outbreaks / introduced,Not licensed / not available,Imported / travel-related cases only,Not licensed / not available,Imported / travel-related cases only,Traveler access only (limited availability),Absent,Imported / travel-related cases only,Traveler access only (limited availability)
Saint Kitts and Nevis,Present,Endemic / established transmission,Not licensed / not available,Sporadic outbreaks / introduced,Not licensed / not available,Imported / travel-related cases only,Traveler access only (limited availability),Absent,Imported / travel-related cases only,Traveler access only (limited availability)
Saint Lucia,Present,Endemic / established transmission,Not licensed / not available,Sporadic outbreaks / introduced,Not licensed / not available,Imported / travel-related cases only,Traveler access only (limited availability),Absent,Imported / travel-related cases only,Traveler access only (limited availability)
Saint Vincent and the Grenadines,Present,Endemic / established transmission,Not licensed / not available,Sporadic outbreaks / introduced,Not licensed / not available,Imported / travel-related cases only,Traveler access only (limited availability),Absent,Imported / travel-related cases only,Traveler access only (limited availability)
Samoa,Present,Endemic / established transmission,Not licensed / not available,Sporadic outbreaks / introduced,Not licensed / not available,Imported / travel-related cases only,Traveler access only (limited availability),Limited / uncertain,Imported / travel-related cases only,Traveler access only (limited availability)
San Marino,Limited / sporadic,Imported / travel-related cases only,Not licensed / not available,Imported / travel-related cases only,Not licensed / not available,Imported / travel-related cases only,Traveler access only (limited availability),Absent,Imported / travel-related cases only,Traveler access only (limited availability)
Sao Tome and Principe,Present,Sporadic outbreaks / introduced,Not licensed / not available,Imported / travel-related cases only,Not licensed / not available,Imported / travel-related cases only,Traveler access only (limited availability),Absent,Imported / travel-related cases only,Traveler access only (limited availability)
Saudi Arabia,Present,Endemic / established transmission,Not licensed / not available,Sporadic outbreaks / introduced,Not licensed / not available,Imported / travel-related cases only,Traveler access only (limited availability),Absent,Imported / travel-related cases only,Traveler access only (limited availability)
Senegal,Present,Endemic / established transmission,Not licensed / not available,Sporadic outbreaks / introduced,Not licensed / not available,Endemic / established transmission,Routine (public program),Absent,Imported / travel-related cases only,Traveler access only (limited availability)
Serbia,Limited / sporadic,Imported / travel-related cases only,Not licensed / not available,Imported / travel-related cases only,Not licensed / not available,Imported / travel-related cases only,Traveler access only (limited availability),Absent,Imported / travel-related cases only,Traveler access only (limited availability)
Seychelles,Present,Endemic / established transmission,Not licensed / not available,Sporadic outbreaks / introduced,Not licensed / not available,Imported / travel-related cases only,Traveler access only (limited availability),Absent,Imported / travel-related cases only,Traveler access only (limited availability)
Sierra Leone,Present,Sporadic outbreaks / introduced,Not licensed / not available,Sporadic outbreaks / introduced,Not licensed / not available,Endemic / established transmission,Routine (public program),Absent,Imported / travel-related cases only,Traveler access only (limited availability)
Singapore,Present,Endemic / established transmission,Licensed & available (private/market),Sporadic outbreaks / introduced,Not licensed / not available,Imported / travel-related cases only,Traveler access only (limited availability),Present,Endemic / established transmission,Licensed & available (private/market)
Slovakia,Limited / sporadic,Imported / travel-related cases only,Licensed & available (private/market),Imported / travel-related cases only,Licensed & available (private/market),Imported / travel-related cases only,Traveler access only (limited availability),Absent,Imported / travel-related cases only,Traveler access only (limited availability)
Slovenia,Present,Imported / travel-related cases only,Licensed & available (private/market),Imported / travel-related cases only,Licensed & available (private/market),Imported / travel-related cases only,Traveler access only (limited availability),Absent,Imported / travel-related cases only,Traveler access only (limited availability)
Solomon Islands,Present,Endemic / established transmission,Not licensed / not available,Imported / travel-related cases only,Not licensed / not available,Imported / travel-related cases only,Traveler access only (limited availability),Limited / uncertain,Imported / travel-related cases only,Traveler access only (limited availability)
Somalia,Present,Endemic / established transmission,Not licensed / not available,Sporadic outbreaks / introduced,Not licensed / not available,Imported / travel-related cases only,Traveler access only (limited availability),Absent,Imported / travel-related cases only,Traveler access only (limited availability)
South Africa,Present,Imported / travel-related cases only,Not licensed / not available,Sporadic outbreaks / introduced,Not licensed / not available,Imported / travel-related cases only,Traveler access only (limited availability),Absent,Imported / travel-related cases only,Traveler access only (limited availability)
South Sudan,Present,Imported / travel-related cases only,Not licensed / not available,Imported / travel-related cases only,Not licensed / not available,Endemic / established transmission,Routine (public program),Absent,Imported / travel-related cases only,Traveler access only (limited availability)
Spain,Present,Autochthonous transmission documented (non-endemic),Licensed & available (private/market),Autochthonous transmission documented (non-endemic),Licensed & available (private/market),Imported / travel-related cases only,Traveler access only (limited availability),Absent,Imported / travel-related cases only,Traveler access only (limited availability)
Sri Lanka,Present,Endemic / established transmission,Not licensed / not available,Endemic / established transmission,Not licensed / not available,Imported / travel-related cases only,Traveler access only (limited availability),Present,Endemic / established transmission,Licensed & available (private/market)
Sudan,Present,Endemic / established transmission,Not licensed / not available,Sporadic outbreaks / introduced,Not licensed / not available,Endemic / established transmission,Routine (public program),Absent,Imported / travel-related cases only,Traveler access only (limited availability)
Suriname,Present,Endemic / established transmission,Not licensed / not available,Sporadic outbreaks / introduced,Not licensed / not available,Endemic / established transmission,Routine (public program),Absent,Imported / travel-related cases only,Traveler access only (limited availability)
Sweden,Limited / sporadic,Imported / travel-related cases only,Licensed & available (private/market),Imported / travel-related cases only,Licensed & available (private/market),Imported / travel-related cases only,Traveler access only (limited availability),Absent,Imported / travel-related cases only,Traveler access only (limited availability)
Switzerland,Present,Imported / travel-related cases only,Licensed & available (private/market),Imported / travel-related cases only,Licensed & available (private/market),Imported / travel-related cases only,Traveler access only (limited availability),Absent,Imported / travel-related cases only,Traveler access only (limited availability)
Syrian Arab Republic,Limited / sporadic,Imported / travel-related cases only,Not licensed / not available,Imported / travel-related cases only,Not licensed / not available,Imported / travel-related cases only,Traveler access only (limited availability),Absent,Imported / travel-related cases only,Traveler access only (limited availability)
Tajikistan,Limited / sporadic,Imported / travel-related cases only,Not licensed / not available,Imported / travel-related cases only,Not licensed / not available,Imported / travel-related cases only,Traveler access only (limited availability),Limited / uncertain,Imported / travel-related cases only,Traveler access only (limited availability)
"Tanzania, United Republic of",Present,Endemic / established transmission,Not licensed / not available,Imported / travel-related cases only,Not licensed / not available,Imported / travel-related cases only,Traveler access only (limited availability),Absent,Imported / travel-related cases only,Traveler access only (limited availability)
Thailand,Present,Endemic / established transmission,Licensed & available (private/market),Endemic / established transmission,Not licensed / not available,Imported / travel-related cases only,Traveler access only (limited availability),Present,Endemic / established transmission,Licensed & available (private/market)
Timor-Leste,Present,Endemic / established transmission,Not licensed / not available,Sporadic outbreaks / introduced,Not licensed / not available,Imported / travel-related cases only,Traveler access only (limited availability),Present,Endemic / established transmission,Licensed & available (private/market)
Togo,Present,Sporadic outbreaks / introduced,Not licensed / not available,Imported / travel-related cases only,Not licensed / not available,Endemic / established transmission,Routine (public program),Absent,Imported / travel-related cases only,Traveler access only (limited availability)
Tonga,Present,Endemic / established transmission,Not licensed / not available,Sporadic outbreaks / introduced,Not licensed / not available,Imported / travel-related cases only,Traveler access only (limited availability),Limited / uncertain,Imported / travel-related cases only,Traveler access only (limited availability)
Trinidad and Tobago,Present,Endemic / established transmission,Not licensed / not available,Sporadic outbreaks / introduced,Not licensed / not available,Endemic / established transmission,Routine (public program),Absent,Imported / travel-related cases only,Traveler access only (limited availability)
Tunisia,Present,Imported / travel-related cases only,Not licensed / not available,Imported / travel-related cases only,Not licensed / not available,Imported / travel-related cases only,Traveler access only (limited availability),Absent,Imported / travel-related cases only,Traveler access only (limited availability)
Turkey,Limited / sporadic,Imported / travel-related cases only,Not licensed / not available,Imported / travel-related cases only,Not licensed / not available,Imported / travel-related cases only,Traveler access only (limited availability),Absent,Imported / travel-related cases only,Traveler access only (limited availability)
Turkmenistan,Limited / sporadic,Imported / travel-related cases only,Not licensed / not available,Imported / travel-related cases only,Not licensed / not available,Imported / travel-related cases only,Traveler access only (limited availability),Limited / uncertain,Imported / travel-related cases only,Traveler access only (limited availability)
Tuvalu,Present,Endemic / established transmission,Not licensed / not available,Imported / travel-related cases only,Not licensed / not available,Imported / travel-related cases only,Traveler access only (limited availability),Limited / uncertain,Imported / travel-related cases only,Traveler access only (limited availability)
Uganda,Present,Sporadic outbreaks / introduced,Not licensed / not available,Sporadic outbreaks / introduced,Not licensed / not available,Endemic / established transmission,Routine (public program),Absent,Imported / travel-related cases only,Traveler access only (limited availability)
Ukraine,Limited / sporadic,Imported / travel-related cases only,Not licensed / not available,Imported / travel-related cases only,Not licensed / not available,Imported / travel-related cases only,Traveler access only (limited availability),Absent,Imported / travel-related cases only,Traveler access only (limited availability)
United Arab Emirates,Limited / sporadic,Imported / travel-related cases only,Not licensed / not available,Imported / travel-related cases only,Not licensed / not available,Imported / travel-related cases only,Traveler access only (limited availability),Absent,Imported / travel-related cases only,Traveler access only (limited availability)
United Kingdom,Limited / sporadic,Imported / travel-related cases only,Licensed & available (private/market),Imported / travel-related cases only,Licensed & available (private/market),Imported / travel-related cases only,Traveler access only (limited availability),Absent,Imported / travel-related cases only,Traveler access only (limited availability)
United States,Present,Autochthonous transmission documented (non-endemic),Licensed & available (private/market),Autochthonous transmission documented (non-endemic),Licensed & available (private/market),Imported / travel-related cases only,Traveler access only (limited availability),Absent,Imported / travel-related cases only,Traveler access only (limited availability)
Uruguay,Present,Sporadic outbreaks / introduced,Not licensed / not available,Sporadic outbreaks / introduced,Not licensed / not available,Imported / travel-related cases only,Traveler access only (limited availability),Absent,Imported / travel-related cases only,Traveler access only (limited availability)
Uzbekistan,Limited / sporadic,Imported / travel-related cases only,Not licensed / not available,Imported / travel-related cases only,Not licensed / not available,Imported / travel-related cases only,Traveler access only (limited availability),Limited / uncertain,Imported / travel-related cases only,Traveler access only (limited availability)
Vanuatu,Present,Endemic / established transmission,Not licensed / not available,Imported / travel-related cases only,Not licensed / not available,Imported / travel-related cases only,Traveler access only (limited availability),Limited / uncertain,Imported / travel-related cases only,Traveler access only (limited availability)
"Venezuela, Bolivarian Republic of",Present,Endemic / established transmission,Not licensed / not available,Sporadic outbreaks / introduced,Not licensed / not available,Endemic / established transmission,Routine (public program),Absent,Imported / travel-related cases only,Traveler access only (limited availability)
Viet Nam,Present,Endemic / established transmission,Licensed & available (private/market),Sporadic outbreaks / introduced,Not licensed / not available,Imported / travel-related cases only,Traveler access only (limited availability),Absent,Imported / travel-related cases only,Traveler access only (limited availability)
Yemen,Present,Endemic / established transmission,Not licensed / not available,Sporadic outbreaks / introduced,Not licensed / not available,Imported / travel-related cases only,Traveler access only (limited availability),Absent,Imported / travel-related cases only,Traveler access only (limited availability)
Zambia,Limited / sporadic,Imported / travel-related cases only,Not licensed / not available,Imported / travel-related cases only,Not licensed / not available,Imported / travel-related cases only,Traveler access only (limited availability),Absent,Imported / travel-related cases only,Traveler access only (limited availability)
Zimbabwe,Present,Imported / travel-related cases only,Not licensed / not available,Sporadic outbreaks / introduced,Not licensed / not available,Imported / travel-related cases only,Traveler access only (limited availability),Absent,Imported / travel-related cases only,Traveler access only (limited availability)
