Supplementary Dataset S1,Country-level arboviral transmission and vaccine-access classifications
Version,Assessment cutoff: 6 May 2026
Primary scope,"195 sovereign states assessed independently for DENV, CHIKV, JEV, and YFV (780 country-virus records)."
Secondary scope,A preserved 249-country/territory dataset is included for sensitivity analyses.
Purpose,"This workbook provides the country-level classifications, operational definitions, analytical decisions, evidence inventory, and summary statistics supporting the analysis."
Interpretation,"The unit of analysis is the jurisdiction. Vaccine approval, availability, and programme deployment do not measure population coverage or protection."
Evidence linkage,Every record includes explicit transmission and vaccine source IDs. Global or regional backbone sources are listed for all records; country-specific sources are added only where directly identified. Absence of a country-specific source is stated explicitly and is not treated as proof of regulatory or programme absence.
Workbook structure,Country_Virus_Data; Vector_Data; Summary; Definitions; Analytical_Decisions; Evidence_Assessment; Source_Inventory; Original_195; Original_249.
Associated document,"Supplementary Methods Appendix: study design, evidence hierarchy, classification framework, quality assurance, statistical analysis, and limitations."
Vector data,"Vector_Data contains one record per jurisdiction and vector group (Aedes or Culex), including the original 249-country/territory scope, categorical status, source IDs, linkage scope, and interpretation notes."
